{
    "accuracy": 0.7913253012048193,
    "precision": 0.7787356321839081,
    "recall": 0.8009852216748768,
    "auc": 0.8754298726647458
}